{"X": {"min_vals": [0.0, 0.0, 1.0, 8.0, 3307.36, 3310.19, 3301.77, 0.08999999999969077, -31.84999999999991, 3313.279166666667, 3317.197083333333, 3325.388125, 3314.3044261174377, 3318.7834300703257, -8.118182181768589, -6.513089070353976, -6.027680945554623, 0.0, 0.0019388790378571177, -0.36525656389267275, 1.6232683080748016, -0.00862005970440094, -0.008657427314739298, -52.43000000000029, -49.659999999999854, -1.3857209687095826, 3307.44, 3307.44, 3307.44, 3307.44, 3307.44, 3307.44], "max_vals": [23.0, 5.0, 30.0, 10.0, 3904.48, 3904.58, 3893.88, 59.40000000000009, 32.440000000000055, 3889.9949999999994, 3887.200833333333, 3874.773541666667, 3889.6990705185985, 3885.843632641658, 15.489583792477788, 13.829809748210712, 4.407571582137807, 90.00773096006998, 0.029080522015792323, 1.4637496514428487, 25.09585575518521, 0.009749676162883247, 0.009702454751111485, 65.67999999999984, 84.82000000000016, 1.7486416928795636, 3904.49, 3904.49, 3904.49, 3904.49, 3904.49, 3904.49]}, "y": {"min_vals": [3307.44], "max_vals": [3904.49]}}